"","metrics","in_sample_values","LOOCV_values"
"1","Rsqrd",0.866179303865622,0.801254512536924
"2","RMSE",11.3169790983074,13.3890729799196
"3","HR-L",0.8,0.8
"4","HR-M",0.6,0.6
"5","HR-H",0.9,0.9
