"","y90_ensemble","y70_ensemble","frwrd_ensemble","y30_ensemble","y10_ensemble"
"X1",3.45001150876647,7.7385897167195,10.4654702167328,14.491930030765,22.9859431922615
