"","metrics","in_sample_values","LOOCV_values"
"1","Rsqrd",0.736066155504158,0.694308872374128
"2","RMSE",15.3316468201271,16.454960769799
"3","HR-L",0.7,0.7
"4","HR-M",0.7,0.7
"5","HR-H",0.9,0.9
