"","metrics","in_sample_values","LOOCV_values"
"1","Rsqrd",0.874558475151702,0.783276294008241
"2","RMSE",86.654621616041,113.330869622351
"3","HR-L",0.9,0.9
"4","HR-M",0.6,0.5
"5","HR-H",0.7,0.8
