"","y90_ensemble","y70_ensemble","frwrd_ensemble","y30_ensemble","y10_ensemble"
"X1",159.073190744988,237.67991598177,314.838004060243,410.557753813177,585.554457413982
