"","metrics","in_sample_values","LOOCV_values"
"1","Rsqrd",0.730515656714134,0.649889971115092
"2","RMSE",125.216561671429,143.103755605914
"3","HR-L",1,1
"4","HR-M",0.5,0.5
"5","HR-H",0.6,0.6
