"","metrics","in_sample_values","LOOCV_values"
"1","Rsqrd",0.727844832734568,0.69485615889291
"2","RMSE",131.336841750504,135.338607353333
"3","HR-L",0.7,0.7
"4","HR-M",0.7,0.7
"5","HR-H",0.7,0.7
