"","metrics","in_sample_values","LOOCV_values"
"1","Rsqrd",0.734284948913582,0.6800063165145
"2","RMSE",123.046775252642,135.112224559305
"3","HR-L",0.9,0.8
"4","HR-M",0.6,0.5
"5","HR-H",0.8,0.8
