"","metrics","in_sample_values","LOOCV_values"
"1","Rsqrd",0.96836373499943,0.792013533512828
"2","RMSE",56.7514369202492,119.372620912414
"3","HR-L",1,0.8
"4","HR-M",0.8,0.7
"5","HR-H",1,0.7
