"","metrics","in_sample_values","LOOCV_values"
"1","Rsqrd",0.793131406444634,0.649988228751222
"2","RMSE",5.27638680393731,6.78191519816093
"3","HR-L",0.5,0.4
"4","HR-M",0.8,0.7
"5","HR-H",0.7,0.5
