"","y90_ensemble","y70_ensemble","frwrd_ensemble","y30_ensemble","y10_ensemble"
"X1",26.3068869619875,31.3429219926564,35.247601947988,40.5468261044344,47.4968656278419
