"","metrics","in_sample_values","LOOCV_values"
"1","Rsqrd",0.730701011070202,0.54621931536298
"2","RMSE",5.99430928201656,7.7604014118818
"3","HR-L",0.6,0.5
"4","HR-M",0.6,0.6
"5","HR-H",0.6,0.4
