"","metrics","in_sample_values","LOOCV_values"
"1","Rsqrd",0.698024894267548,0.5972442220818
"2","RMSE",6.30275583907987,7.53476400801475
"3","HR-L",0.3,0.3
"4","HR-M",0.7,0.7
"5","HR-H",0.5,0.5
