"","metrics","in_sample_values","LOOCV_values"
"1","Rsqrd",0.868134954483659,0.810355361823306
"2","RMSE",11.2753562733769,13.1266209486964
"3","HR-L",0.8,0.8
"4","HR-M",0.7,0.7
"5","HR-H",0.9,0.9
