"","y90_ensemble","y70_ensemble","frwrd_ensemble","y30_ensemble","y10_ensemble"
"X1",3.41030220232761,7.71691413329414,10.1383408166652,14.2486938338336,22.8835014635864
