"","metrics","in_sample_values","LOOCV_values"
"1","Rsqrd",0.862095175311622,0.750551014433941
"2","RMSE",10.9826227616472,14.9742981270253
"3","HR-L",0,0
"4","HR-M",0.9,0.9
"5","HR-H",0.8,0.7
