"","metrics","in_sample_values","LOOCV_values"
"1","Rsqrd",0.724284262859779,0.693598416122498
"2","RMSE",15.8694599144977,16.5877875871271
"3","HR-L",0.8,0.8
"4","HR-M",0.6,0.6
"5","HR-H",0.9,0.9
