"","metrics","in_sample_values","LOOCV_values"
"1","Rsqrd",0.834731652656136,0.825316038236897
"2","RMSE",12.6874175162272,12.9131380918227
"3","HR-L",0.9,0.9
"4","HR-M",0.5,0.5
"5","HR-H",0.8,0.8
